date,modules
Wed Nov 29 05:30:00 UTC 2023,30
Thu Nov 30 05:30:00 UTC 2023,105
Mon Dec  4 05:30:00 UTC 2023,109
Tue Dec  5 05:30:00 UTC 2023,119
Wed Dec  6 05:30:00 UTC 2023,132
Thu Dec  7 05:32:16 UTC 2023,132
Fri Dec  8 05:32:13 UTC 2023,134
Sat Dec  9 05:32:17 UTC 2023,137
Sun Dec 10 05:32:17 UTC 2023,137
Mon Dec 11 05:32:23 UTC 2023,137
Tue Dec 12 05:32:21 UTC 2023,137
Wed Dec 13 05:32:17 UTC 2023,141
Thu Dec 14 05:32:15 UTC 2023,143
Fri Dec 15 05:32:20 UTC 2023,149
Sat Dec 16 05:32:21 UTC 2023,149
Sun Dec 17 05:32:18 UTC 2023,149
Mon Dec 18 05:32:22 UTC 2023,150
Tue Dec 19 05:32:18 UTC 2023,151
Wed Dec 20 05:32:12 UTC 2023,151
Thu Dec 21 05:32:17 UTC 2023,151
Fri Dec 22 05:32:15 UTC 2023,151
Sat Dec 23 05:32:16 UTC 2023,151
Sun Dec 24 05:32:24 UTC 2023,151
Mon Dec 25 05:32:16 UTC 2023,151
Tue Dec 26 05:32:14 UTC 2023,151
Wed Dec 27 05:32:12 UTC 2023,152
Thu Dec 28 05:32:18 UTC 2023,152
Fri Dec 29 05:32:30 UTC 2023,153
Sat Dec 30 05:32:14 UTC 2023,153
Sun Dec 31 05:32:22 UTC 2023,153
Mon Jan  1 05:32:26 UTC 2024,153
Tue Jan  2 05:32:12 UTC 2024,153
Wed Jan  3 05:32:15 UTC 2024,153
Thu Jan  4 05:32:15 UTC 2024,155
Fri Jan  5 05:32:13 UTC 2024,157
Sat Jan  6 05:32:16 UTC 2024,158
Sun Jan  7 05:32:17 UTC 2024,158
Mon Jan  8 05:32:19 UTC 2024,158
Tue Jan  9 05:32:16 UTC 2024,159
Wed Jan 10 05:32:25 UTC 2024,159
Thu Jan 11 05:32:24 UTC 2024,159
Fri Jan 12 05:32:28 UTC 2024,160
Sat Jan 13 05:32:16 UTC 2024,161
Sun Jan 14 05:32:13 UTC 2024,161
Mon Jan 15 05:32:36 UTC 2024,161
Tue Jan 16 05:32:22 UTC 2024,162
Wed Jan 17 05:32:28 UTC 2024,163
Thu Jan 18 05:32:19 UTC 2024,165
Fri Jan 19 05:32:25 UTC 2024,167
Sat Jan 20 05:32:16 UTC 2024,171
Sun Jan 21 05:32:22 UTC 2024,171
Mon Jan 22 05:32:45 UTC 2024,172
Tue Jan 23 05:32:26 UTC 2024,172
Wed Jan 24 05:32:40 UTC 2024,174
Thu Jan 25 05:32:28 UTC 2024,175
Fri Jan 26 05:32:20 UTC 2024,176
Sat Jan 27 05:32:13 UTC 2024,176
Sun Jan 28 05:32:15 UTC 2024,177
Mon Jan 29 05:32:19 UTC 2024,177
Tue Jan 30 05:32:16 UTC 2024,178
Wed Jan 31 05:32:16 UTC 2024,180
Thu Feb  1 05:32:14 UTC 2024,180
Fri Feb  2 05:32:08 UTC 2024,181
Sat Feb  3 05:32:13 UTC 2024,182
Sun Feb  4 05:32:14 UTC 2024,182
Mon Feb  5 05:32:07 UTC 2024,183
Tue Feb  6 05:32:10 UTC 2024,183
Wed Feb  7 05:32:08 UTC 2024,183
Thu Feb  8 05:32:17 UTC 2024,184
Fri Feb  9 05:32:05 UTC 2024,186
Sat Feb 10 05:32:15 UTC 2024,186
Sun Feb 11 05:32:12 UTC 2024,187
Mon Feb 12 05:32:10 UTC 2024,188
Tue Feb 13 05:32:26 UTC 2024,189
Wed Feb 14 05:32:22 UTC 2024,200
Thu Feb 15 05:33:17 UTC 2024,207
Fri Feb 16 05:32:11 UTC 2024,215
Sat Feb 17 05:32:10 UTC 2024,215
Sun Feb 18 05:32:19 UTC 2024,216
Mon Feb 19 05:32:27 UTC 2024,216
Tue Feb 20 05:32:36 UTC 2024,218
Wed Feb 21 05:32:09 UTC 2024,222
Thu Feb 22 05:32:08 UTC 2024,225
Fri Feb 23 05:32:28 UTC 2024,226
Sat Feb 24 05:32:03 UTC 2024,226
Sun Feb 25 05:32:10 UTC 2024,227
Mon Feb 26 05:32:10 UTC 2024,227
Tue Feb 27 05:32:16 UTC 2024,232
Wed Feb 28 05:32:09 UTC 2024,232
Thu Feb 29 05:32:13 UTC 2024,233
Fri Mar  1 05:32:37 UTC 2024,233
Sat Mar  2 05:32:13 UTC 2024,233
Sun Mar  3 05:32:19 UTC 2024,234
Mon Mar  4 05:45:48 UTC 2024,235
Tue Mar  5 05:33:11 UTC 2024,236
Wed Mar  6 05:32:21 UTC 2024,238
Thu Mar  7 05:32:17 UTC 2024,240
Fri Mar  8 05:32:14 UTC 2024,255
Sat Mar  9 05:32:12 UTC 2024,258
Sun Mar 10 05:32:13 UTC 2024,261
Mon Mar 11 05:32:07 UTC 2024,264
Tue Mar 12 05:32:08 UTC 2024,271
Wed Mar 13 05:32:14 UTC 2024,271
Thu Mar 14 05:32:11 UTC 2024,271
Fri Mar 15 05:32:17 UTC 2024,273
Sat Mar 16 05:32:05 UTC 2024,276
Sun Mar 17 05:32:22 UTC 2024,281
Mon Mar 18 05:32:09 UTC 2024,284
Tue Mar 19 05:32:09 UTC 2024,288
Wed Mar 20 05:32:15 UTC 2024,288
Thu Mar 21 05:32:16 UTC 2024,293
Fri Mar 22 05:32:53 UTC 2024,298
Sat Mar 23 05:32:26 UTC 2024,300
Sun Mar 24 05:32:10 UTC 2024,309
Mon Mar 25 05:32:15 UTC 2024,310
Tue Mar 26 05:32:09 UTC 2024,311
Wed Mar 27 05:32:19 UTC 2024,319
Thu Mar 28 05:32:27 UTC 2024,324
Fri Mar 29 05:32:14 UTC 2024,328
Sat Mar 30 05:32:21 UTC 2024,329
Sun Mar 31 05:32:07 UTC 2024,330
Mon Apr  1 05:32:20 UTC 2024,331
Tue Apr  2 05:32:09 UTC 2024,333
Wed Apr  3 05:32:20 UTC 2024,337
Thu Apr  4 05:32:06 UTC 2024,347
Fri Apr  5 05:32:09 UTC 2024,349
Sat Apr  6 05:32:07 UTC 2024,350
Sun Apr  7 05:32:21 UTC 2024,350
Mon Apr  8 05:32:05 UTC 2024,350
Tue Apr  9 05:32:06 UTC 2024,351
Wed Apr 10 05:32:08 UTC 2024,360
Thu Apr 11 05:32:07 UTC 2024,363
Fri Apr 12 05:32:41 UTC 2024,364
Sat Apr 13 05:32:14 UTC 2024,367
Sun Apr 14 05:50:47 UTC 2024,368
Mon Apr 15 05:32:17 UTC 2024,369
Tue Apr 16 05:32:14 UTC 2024,370
Wed Apr 17 05:32:12 UTC 2024,371
Thu Apr 18 05:32:14 UTC 2024,372
Fri Apr 19 05:32:23 UTC 2024,372
Sat Apr 20 05:32:19 UTC 2024,375
Sun Apr 21 05:32:15 UTC 2024,376
Mon Apr 22 05:32:10 UTC 2024,377
Tue Apr 23 05:32:07 UTC 2024,382
Wed Apr 24 05:32:06 UTC 2024,387
Thu Apr 25 05:32:10 UTC 2024,388
Fri Apr 26 05:32:54 UTC 2024,391
Sat Apr 27 05:32:12 UTC 2024,396
Sun Apr 28 05:32:08 UTC 2024,399
Mon Apr 29 05:33:11 UTC 2024,402
Tue Apr 30 05:32:17 UTC 2024,403
Wed May  1 05:32:16 UTC 2024,405
Thu May  2 05:32:29 UTC 2024,420
Fri May  3 05:32:24 UTC 2024,423
Sat May  4 05:32:08 UTC 2024,423
Sun May  5 05:32:13 UTC 2024,425
Mon May  6 05:32:22 UTC 2024,428
Tue May  7 05:32:22 UTC 2024,432
Wed May  8 05:33:11 UTC 2024,437
Thu May  9 05:32:21 UTC 2024,446
Fri May 10 05:32:14 UTC 2024,449
Sat May 11 05:32:08 UTC 2024,451
Sun May 12 05:32:18 UTC 2024,453
Mon May 13 05:32:58 UTC 2024,455
Tue May 14 05:32:18 UTC 2024,457
Wed May 15 05:32:17 UTC 2024,463
Thu May 16 05:32:09 UTC 2024,467
Fri May 17 05:34:12 UTC 2024,475
Sat May 18 05:32:11 UTC 2024,479
Sun May 19 05:32:07 UTC 2024,479
Mon May 20 05:32:44 UTC 2024,482
Tue May 21 05:32:24 UTC 2024,492
Wed May 22 05:32:55 UTC 2024,494
Thu May 23 05:32:48 UTC 2024,495
Fri May 24 05:32:18 UTC 2024,495
Sat May 25 05:32:07 UTC 2024,496
Sun May 26 05:32:25 UTC 2024,496
Mon May 27 05:32:18 UTC 2024,497
Tue May 28 05:32:10 UTC 2024,499
Wed May 29 05:32:38 UTC 2024,504
Thu May 30 05:32:18 UTC 2024,508
Fri May 31 05:33:02 UTC 2024,510
Sat Jun  1 05:32:52 UTC 2024,510
Sun Jun  2 05:32:12 UTC 2024,512
Mon Jun  3 05:32:48 UTC 2024,514
Tue Jun  4 05:34:12 UTC 2024,518
Wed Jun  5 05:32:43 UTC 2024,523
Thu Jun  6 05:32:42 UTC 2024,528
Fri Jun  7 05:32:43 UTC 2024,528
Sat Jun  8 05:32:15 UTC 2024,534
Sun Jun  9 05:32:15 UTC 2024,538
Mon Jun 10 05:32:38 UTC 2024,538
Tue Jun 11 05:32:42 UTC 2024,538
Wed Jun 12 05:32:39 UTC 2024,542
Thu Jun 13 05:32:46 UTC 2024,543
Fri Jun 14 05:32:27 UTC 2024,554
Sat Jun 15 05:32:30 UTC 2024,557
Sun Jun 16 05:32:48 UTC 2024,560
Mon Jun 17 05:34:25 UTC 2024,560
Tue Jun 18 05:32:43 UTC 2024,560
Wed Jun 19 05:34:10 UTC 2024,563
Thu Jun 20 05:32:14 UTC 2024,563
Fri Jun 21 05:32:47 UTC 2024,564
Sat Jun 22 05:32:29 UTC 2024,564
Sun Jun 23 05:32:13 UTC 2024,564
Mon Jun 24 05:32:30 UTC 2024,564
Tue Jun 25 05:32:31 UTC 2024,564
Wed Jun 26 05:32:27 UTC 2024,564
Thu Jun 27 05:33:51 UTC 2024,564
Fri Jun 28 05:32:25 UTC 2024,564
Sat Jun 29 05:34:20 UTC 2024,574
Sun Jun 30 05:32:12 UTC 2024,579
Mon Jul  1 05:32:49 UTC 2024,580
Tue Jul  2 05:32:42 UTC 2024,585
Wed Jul  3 05:32:39 UTC 2024,589
Thu Jul  4 05:32:48 UTC 2024,612
Fri Jul  5 05:32:22 UTC 2024,612
Sat Jul  6 05:32:15 UTC 2024,613
Sun Jul  7 05:33:01 UTC 2024,614
Mon Jul  8 05:33:15 UTC 2024,614
Tue Jul  9 05:32:47 UTC 2024,614
Wed Jul 10 05:32:45 UTC 2024,614
Thu Jul 11 05:32:52 UTC 2024,624
Fri Jul 12 05:32:23 UTC 2024,627
Sat Jul 13 05:32:36 UTC 2024,628
Sun Jul 14 05:33:52 UTC 2024,629
Mon Jul 15 05:32:37 UTC 2024,617
Tue Jul 16 05:32:26 UTC 2024,617
Wed Jul 17 05:32:48 UTC 2024,621
Thu Jul 18 05:32:46 UTC 2024,622
Fri Jul 19 05:33:06 UTC 2024,624
Sat Jul 20 05:32:48 UTC 2024,627
Sun Jul 21 05:32:43 UTC 2024,627
Mon Jul 22 05:33:38 UTC 2024,628
Tue Jul 23 05:33:01 UTC 2024,629
Wed Jul 24 05:32:55 UTC 2024,629
Thu Jul 25 05:32:50 UTC 2024,632
Fri Jul 26 05:33:22 UTC 2024,634
Sat Jul 27 05:32:28 UTC 2024,637
Sun Jul 28 05:32:49 UTC 2024,639
Mon Jul 29 05:33:09 UTC 2024,640
Tue Jul 30 05:34:03 UTC 2024,642
Wed Jul 31 05:32:07 UTC 2024,646
Thu Aug  1 05:32:44 UTC 2024,651
Fri Aug  2 05:33:02 UTC 2024,652
Sat Aug  3 05:32:14 UTC 2024,664
Sun Aug  4 05:32:09 UTC 2024,664
Mon Aug  5 05:33:37 UTC 2024,665
Tue Aug  6 05:32:46 UTC 2024,673
Wed Aug  7 05:32:49 UTC 2024,675
Thu Aug  8 05:33:03 UTC 2024,681
Fri Aug  9 05:33:09 UTC 2024,686
Sat Aug 10 05:32:23 UTC 2024,688
Sun Aug 11 05:32:21 UTC 2024,688
Mon Aug 12 05:33:43 UTC 2024,688
Tue Aug 13 05:32:59 UTC 2024,696
Wed Aug 14 05:33:05 UTC 2024,700
Thu Aug 15 05:32:56 UTC 2024,701
Fri Aug 16 05:32:45 UTC 2024,704
Sat Aug 17 05:32:48 UTC 2024,704
Sun Aug 18 05:32:45 UTC 2024,704
Mon Aug 19 05:32:52 UTC 2024,706
Tue Aug 20 05:33:07 UTC 2024,714
Wed Aug 21 05:32:48 UTC 2024,714
Thu Aug 22 05:32:51 UTC 2024,715
Fri Aug 23 05:32:54 UTC 2024,715
Sat Aug 24 05:33:53 UTC 2024,718
Sun Aug 25 05:33:35 UTC 2024,718
Mon Aug 26 05:33:23 UTC 2024,718
Tue Aug 27 05:33:11 UTC 2024,718
Wed Aug 28 05:33:33 UTC 2024,721
Thu Aug 29 05:33:29 UTC 2024,723
Fri Aug 30 05:33:36 UTC 2024,723
Sat Aug 31 05:33:00 UTC 2024,725
Sun Sep  1 05:33:33 UTC 2024,726
Mon Sep  2 05:33:55 UTC 2024,727
Tue Sep  3 05:33:51 UTC 2024,728
Wed Sep  4 05:34:17 UTC 2024,730
Thu Sep  5 05:33:49 UTC 2024,730
Fri Sep  6 05:34:41 UTC 2024,742
Sat Sep  7 05:32:58 UTC 2024,747
Sun Sep  8 05:33:27 UTC 2024,747
Mon Sep  9 05:34:09 UTC 2024,748
Tue Sep 10 05:33:57 UTC 2024,750
Wed Sep 11 05:34:27 UTC 2024,752
Thu Sep 12 05:34:01 UTC 2024,755
Fri Sep 13 05:33:52 UTC 2024,758
Sat Sep 14 05:33:54 UTC 2024,760
Sun Sep 15 05:33:26 UTC 2024,767
Mon Sep 16 05:35:16 UTC 2024,772
Tue Sep 17 05:33:17 UTC 2024,774
Wed Sep 18 05:34:10 UTC 2024,777
Thu Sep 19 05:34:08 UTC 2024,780
Fri Sep 20 05:34:13 UTC 2024,781
Sat Sep 21 05:34:08 UTC 2024,783
Sun Sep 22 05:33:32 UTC 2024,784
Mon Sep 23 05:34:51 UTC 2024,784
Tue Sep 24 05:34:39 UTC 2024,784
Wed Sep 25 05:34:48 UTC 2024,787
Thu Sep 26 05:34:49 UTC 2024,788
Fri Sep 27 05:34:52 UTC 2024,790
Sat Sep 28 05:33:51 UTC 2024,791
Sun Sep 29 05:33:39 UTC 2024,793
Mon Sep 30 05:34:49 UTC 2024,796
Tue Oct  1 05:34:37 UTC 2024,797
Wed Oct  2 05:34:48 UTC 2024,815
Thu Oct  3 05:34:48 UTC 2024,815
Fri Oct  4 05:34:46 UTC 2024,815
Sat Oct  5 05:34:02 UTC 2024,817
Sun Oct  6 05:33:33 UTC 2024,817
Mon Oct  7 05:35:20 UTC 2024,817
Tue Oct  8 05:34:20 UTC 2024,817
Wed Oct  9 05:35:11 UTC 2024,818
Thu Oct 10 05:34:49 UTC 2024,820
Thu Oct 17 05:35:00 UTC 2024,842
Fri Oct 18 05:35:00 UTC 2024,846
Sat Oct 19 05:34:01 UTC 2024,848
Sun Oct 20 05:33:46 UTC 2024,848
Mon Oct 21 05:34:50 UTC 2024,848
Tue Oct 22 05:34:41 UTC 2024,905
Wed Oct 23 05:34:54 UTC 2024,910
Thu Oct 24 05:34:48 UTC 2024,913
Fri Oct 25 05:35:16 UTC 2024,914
Sat Oct 26 05:33:55 UTC 2024,916
Sun Oct 27 05:34:02 UTC 2024,916
Mon Oct 28 05:35:08 UTC 2024,916
Tue Oct 29 05:34:55 UTC 2024,916
Wed Oct 30 05:35:13 UTC 2024,917
Thu Oct 31 05:35:00 UTC 2024,917
Fri Nov  1 05:34:33 UTC 2024,921
Sat Nov  2 05:34:11 UTC 2024,919
Sun Nov  3 05:33:33 UTC 2024,920
Mon Nov  4 05:34:55 UTC 2024,920
Tue Nov  5 05:34:24 UTC 2024,925
Wed Nov  6 05:34:18 UTC 2024,927
Thu Nov  7 05:33:59 UTC 2024,928
Fri Nov  8 05:34:29 UTC 2024,929
Sat Nov  9 05:33:04 UTC 2024,930
Sun Nov 10 05:33:01 UTC 2024,930
Mon Nov 11 05:34:40 UTC 2024,930
Tue Nov 12 05:34:22 UTC 2024,930
Wed Nov 13 05:34:40 UTC 2024,930
Thu Nov 14 05:34:38 UTC 2024,930
Fri Nov 15 05:34:53 UTC 2024,946
Sat Nov 16 05:34:44 UTC 2024,948
Sun Nov 17 05:35:01 UTC 2024,948
Mon Nov 18 05:35:21 UTC 2024,952
Tue Nov 19 05:34:55 UTC 2024,961
Wed Nov 20 05:35:00 UTC 2024,964
Thu Nov 21 05:35:03 UTC 2024,982
Fri Nov 22 05:35:11 UTC 2024,982
Sat Nov 23 05:34:35 UTC 2024,989
Sun Nov 24 05:34:23 UTC 2024,990
Mon Nov 25 05:35:22 UTC 2024,990
Tue Nov 26 05:35:01 UTC 2024,991
Wed Nov 27 05:35:24 UTC 2024,992
Thu Nov 28 05:35:39 UTC 2024,996
Fri Nov 29 05:35:31 UTC 2024,996
Sat Nov 30 05:34:28 UTC 2024,996
Sun Dec  1 05:35:04 UTC 2024,996
Mon Dec  2 05:35:55 UTC 2024,996
Tue Dec  3 05:35:42 UTC 2024,998
Wed Dec  4 05:35:31 UTC 2024,999
Thu Dec  5 05:35:40 UTC 2024,1000
Fri Dec  6 05:35:30 UTC 2024,1018
Sat Dec  7 05:34:55 UTC 2024,1033
Sun Dec  8 05:34:51 UTC 2024,1033
Mon Dec  9 05:35:52 UTC 2024,1034
Tue Dec 10 05:35:42 UTC 2024,1034
Wed Dec 11 05:35:32 UTC 2024,1040
Thu Dec 12 05:35:49 UTC 2024,1041
Fri Dec 13 05:35:34 UTC 2024,1042
Sat Dec 14 05:34:28 UTC 2024,1045
Sun Dec 15 05:34:40 UTC 2024,1045
Mon Dec 16 05:36:05 UTC 2024,1046
Tue Dec 17 05:35:33 UTC 2024,1049
Wed Dec 18 05:34:55 UTC 2024,1052
Thu Dec 19 05:35:00 UTC 2024,1054
Fri Dec 20 05:34:16 UTC 2024,1056
Sat Dec 21 05:33:09 UTC 2024,1058
Sun Dec 22 05:32:56 UTC 2024,1058
Mon Dec 23 05:34:42 UTC 2024,1058
Tue Dec 24 05:34:08 UTC 2024,1061
Wed Dec 25 05:34:13 UTC 2024,1061
Thu Dec 26 05:34:18 UTC 2024,1062
Fri Dec 27 05:34:05 UTC 2024,1064
Sat Dec 28 05:33:26 UTC 2024,1064
Sun Dec 29 05:33:13 UTC 2024,1067
Mon Dec 30 05:34:21 UTC 2024,1068
Tue Dec 31 05:34:06 UTC 2024,1069
Wed Jan  1 05:34:16 UTC 2025,1072
Thu Jan  2 05:34:12 UTC 2025,1073
Fri Jan  3 05:34:06 UTC 2025,1074
Sat Jan  4 05:33:16 UTC 2025,1075
Sun Jan  5 05:33:00 UTC 2025,1075
Mon Jan  6 05:34:36 UTC 2025,1082
Tue Jan  7 05:33:56 UTC 2025,1083
Wed Jan  8 05:34:26 UTC 2025,1091
Thu Jan  9 05:33:24 UTC 2025,1110
Fri Jan 10 05:34:29 UTC 2025,1126
Sat Jan 11 05:33:25 UTC 2025,1128
Sun Jan 12 05:33:20 UTC 2025,1131
Mon Jan 13 05:34:45 UTC 2025,1133
Tue Jan 14 05:33:06 UTC 2025,1134
Wed Jan 15 05:34:05 UTC 2025,1137
Thu Jan 16 05:33:28 UTC 2025,1156
Fri Jan 17 05:33:13 UTC 2025,1158
Sat Jan 18 05:32:40 UTC 2025,1158
Sun Jan 19 05:32:44 UTC 2025,1159
Mon Jan 20 05:33:47 UTC 2025,1159
Tue Jan 21 05:33:28 UTC 2025,1225
Wed Jan 22 05:34:12 UTC 2025,1226
Thu Jan 23 05:33:33 UTC 2025,1230
Fri Jan 24 05:33:34 UTC 2025,1232
Sat Jan 25 05:32:53 UTC 2025,1235
Sun Jan 26 05:33:14 UTC 2025,1235
Mon Jan 27 05:33:40 UTC 2025,1239
Tue Jan 28 05:33:21 UTC 2025,1241
Wed Jan 29 05:33:32 UTC 2025,1248
Thu Jan 30 05:34:21 UTC 2025,1249
Fri Jan 31 05:33:32 UTC 2025,1249
Sat Feb  1 05:32:47 UTC 2025,1250
Sun Feb  2 05:33:00 UTC 2025,1250
Mon Feb  3 05:33:39 UTC 2025,1250
Tue Feb  4 05:33:46 UTC 2025,1252
Wed Feb  5 05:34:33 UTC 2025,1252
Thu Feb  6 05:35:05 UTC 2025,1256
Fri Feb  7 05:34:03 UTC 2025,1258
Sat Feb  8 05:32:47 UTC 2025,1261
Sun Feb  9 05:32:59 UTC 2025,1264
Mon Feb 10 05:34:13 UTC 2025,1265
Tue Feb 11 05:34:24 UTC 2025,1265
Wed Feb 12 05:34:01 UTC 2025,1267
Thu Feb 13 05:33:48 UTC 2025,1270
Fri Feb 14 05:33:57 UTC 2025,1272
Sat Feb 15 05:33:17 UTC 2025,1272
Sun Feb 16 05:33:40 UTC 2025,1272
Mon Feb 17 05:34:53 UTC 2025,1273
Tue Feb 18 05:34:36 UTC 2025,1275
Wed Feb 19 05:34:06 UTC 2025,1294
Thu Feb 20 05:34:14 UTC 2025,1300
Fri Feb 21 05:33:55 UTC 2025,1303
Sat Feb 22 05:33:14 UTC 2025,1309
Sun Feb 23 05:33:31 UTC 2025,1309
Mon Feb 24 05:34:14 UTC 2025,1309
Tue Feb 25 05:34:20 UTC 2025,1311
Wed Feb 26 05:34:27 UTC 2025,1327
Thu Feb 27 05:34:46 UTC 2025,1329
Fri Feb 28 05:34:59 UTC 2025,1324
Sat Mar  1 05:33:24 UTC 2025,1324
Sun Mar  2 05:34:35 UTC 2025,1324
Mon Mar  3 05:34:45 UTC 2025,1324
Tue Mar  4 05:34:26 UTC 2025,1330
Wed Mar  5 05:34:50 UTC 2025,1331
Thu Mar  6 05:34:39 UTC 2025,1331
Fri Mar  7 05:34:30 UTC 2025,1334
Sat Mar  8 05:32:15 UTC 2025,1334
Sun Mar  9 05:32:13 UTC 2025,1335
Mon Mar 10 05:32:14 UTC 2025,1335
Tue Mar 11 05:34:25 UTC 2025,1337
Wed Mar 12 05:34:37 UTC 2025,1337
Thu Mar 13 05:34:21 UTC 2025,1354
Fri Mar 14 05:34:18 UTC 2025,1361
Sat Mar 15 05:33:51 UTC 2025,1362
Sun Mar 16 05:33:19 UTC 2025,1364
Mon Mar 17 05:34:50 UTC 2025,1365
Tue Mar 18 05:34:51 UTC 2025,1365
Wed Mar 19 05:34:51 UTC 2025,1369
Thu Mar 20 05:34:40 UTC 2025,1371
Fri Mar 21 05:34:46 UTC 2025,1374
Sat Mar 22 05:34:38 UTC 2025,1374
Sun Mar 23 05:33:53 UTC 2025,1376
Mon Mar 24 05:35:00 UTC 2025,1377
Tue Mar 25 05:35:06 UTC 2025,1386
Wed Mar 26 05:35:04 UTC 2025,1389
